Job Number,Date
89867,2019-07-18
88982A,2019-07-18
88536A,2019-07-18
89437,2019-07-18
89804,2019-07-18
87232K,2019-07-18
88536B,2019-07-19
88791B,2019-07-19
88370C,2019-07-22
88792B,2019-07-22
89843,2019-07-23
89904,2019-07-23
88536C,2019-07-24
88799B,2019-07-24
90015,2019-07-24
89450R,2019-07-25
89985,2019-07-25
89887,2019-07-25
89889,2019-07-25
87257AR,2019-07-25
89885,2019-07-25
88792C,2019-07-25
88408A,2019-07-25
90107,2019-07-26
88791C,2019-07-26
88408E,2019-07-26
89165A,2019-07-29
89486A,2019-07-29
90051B,2019-07-29
89400,2019-07-29
89142A,2019-07-30
89165B,2019-07-31
89950,2019-08-01
89812,2019-08-05
90258,2019-08-05
90079A,2019-08-05
89703,2019-08-05
88982B,2019-08-05
90169B,2019-08-05
90142B,2019-08-06
89701,2019-08-06
88408C,2019-08-07
89801A,2019-08-08
90302,2019-08-08
88408B,2019-08-08
89801B,2019-08-09
89902,2019-08-09
89548,2019-08-12
88536D,2019-08-12
84589D,2019-08-12
88081C,2019-08-17
90189,2019-08-17
88408D,2019-08-20
90415,2019-08-20
90329,2019-08-22
90560,2019-08-26
90331,2019-08-26
90120,2019-08-26
88536E,2019-08-28
90492B,2019-08-28
90373B,2019-08-28
90618,2019-08-28
90034,2019-08-29
90280A,2019-08-29
90656,2019-09-03
90279A,2019-09-05
90509A,2019-09-06
86693CR,2019-09-09
88791E1,2019-09-09
90676,2019-09-12
90646B,2019-09-13
89874B,2019-09-13
90860,2019-09-18
91424B,2019-12-04
91660C,2019-12-04
91982,2019-12-04
90674B,2019-12-04
90966A,2019-12-04
89462C,2019-12-04
90966B,2019-12-05
90406D,2019-12-05
90391A,2019-12-05
92179,2019-12-05
92110,2019-12-09
91981,2019-12-09
92113,2019-12-09
92092A,2019-12-09
92201,2019-12-10
A2739,2019-12-11
92243,2019-12-11
90641B,2019-12-11
89462D,2019-12-11
90780B,2019-12-12
91897,2019-12-12
92221,2019-12-13
89463C,2019-12-17
90674C,2019-12-18
90781B,2019-12-18
89462E,2019-12-18
92154,2019-12-19
92333,2019-12-19
92095,2019-12-20
92579,2019-12-20
92451,2019-12-26
91922A,2019-12-26
92207,2019-12-30
92509,2019-12-30
92448,2019-12-30
90339B,2019-12-30
92007,2019-12-31
92517,2019-12-31
92491,2020-01-03
92202,2020-01-03
92483,2020-01-03
92300A,2020-01-03
92300B,2020-01-03
92657,2020-01-03
89142C,2020-01-06
92556,2020-01-06
88081G,2020-01-07
92376,2020-01-07
92250,2020-01-08
92428,2020-01-08
92429,2020-01-08
92622,2020-01-09
88081H,2020-01-09
92518,2020-01-10
84355E,2020-01-10
92709,2020-01-13
91922B,2020-01-13
92625,2020-01-14
92348B,2020-01-29
92445,2020-01-30
92684A1,2020-02-03
92684B,2020-02-03
92525,2020-02-04
92524,2020-02-04
92684C,2020-02-04
88370H,2020-02-04
92018C,2020-02-05
91907B2,2020-02-12
92737B,2020-02-12
93130,2020-02-19
93032,2020-02-20
91407A,2020-02-27
93474,2020-03-02
